player_name,url
Kareem Abdul-Jabbar,https://www.basketball-reference.com/players/a/abdulka01.html
Rick Adelman,https://www.basketball-reference.com/players/a/adelmri01.html
Ray Allen,https://www.basketball-reference.com/players/a/allenra02.html
Carmelo Anthony,https://www.basketball-reference.com/players/a/anthoca01.html
Tiny Archibald,https://www.basketball-reference.com/players/a/architi01.html
Paul Arizin,https://www.basketball-reference.com/players/a/arizipa01.html
Al Attles,https://www.basketball-reference.com/players/a/attleal01.html
Charles Barkley,https://www.basketball-reference.com/players/b/barklch01.html
Don Barksdale,https://www.basketball-reference.com/players/b/barksdo01.html
Dick Barnett,https://www.basketball-reference.com/players/b/barnedi01.html
Rick Barry,https://www.basketball-reference.com/players/b/barryri01.html
Elgin Baylor,https://www.basketball-reference.com/players/b/bayloel01.html
Zelmo Beaty,https://www.basketball-reference.com/players/b/beatyze01.html
Walt Bellamy,https://www.basketball-reference.com/players/b/bellawa01.html
Chauncey Billups,https://www.basketball-reference.com/players/b/billuch01.html
Dave Bing,https://www.basketball-reference.com/players/b/bingda01.html
Larry Bird,https://www.basketball-reference.com/players/b/birdla01.html
Chris Bosh,https://www.basketball-reference.com/players/b/boshch01.html
Bill Bradley,https://www.basketball-reference.com/players/b/bradlbi01.html
Carl Braun,https://www.basketball-reference.com/players/b/braunca01.html
Larry Brown,https://www.basketball-reference.com/players/b/brownla01.html
Roger Brown,https://www.basketball-reference.com/players/b/brownro01.html
Kobe Bryant,https://www.basketball-reference.com/players/b/bryanko01.html
Vince Carter,https://www.basketball-reference.com/players/c/cartevi01.html
Al Cervi,https://www.basketball-reference.com/players/c/cervial01.html
Wilt Chamberlain,https://www.basketball-reference.com/players/c/chambwi01.html
Maurice Cheeks,https://www.basketball-reference.com/players/c/cheekma01.html
Nat Clifton,https://www.basketball-reference.com/players/c/cliftna01.html
Doug Collins,https://www.basketball-reference.com/players/c/collido01.html
Chuck Cooper,https://www.basketball-reference.com/players/c/coopech01.html
Michael Cooper,https://www.basketball-reference.com/players/c/coopemi01.html
Larry Costello,https://www.basketball-reference.com/players/c/costela01.html
Bob Cousy,https://www.basketball-reference.com/players/c/cousybo01.html
Dave Cowens,https://www.basketball-reference.com/players/c/cowenda01.html
Billy Cunningham,https://www.basketball-reference.com/players/c/cunnibi01.html
Louie Dampier,https://www.basketball-reference.com/players/d/dampilo01.html
Bob Dandridge,https://www.basketball-reference.com/players/d/dandrbo01.html
Mel Daniels,https://www.basketball-reference.com/players/d/danieme01.html
Adrian Dantley,https://www.basketball-reference.com/players/d/dantlad01.html
Bob Davies,https://www.basketball-reference.com/players/d/daviebo01.html
Walter Davis,https://www.basketball-reference.com/players/d/daviswa03.html
Dave DeBusschere,https://www.basketball-reference.com/players/d/debusda01.html
Vlade Divac,https://www.basketball-reference.com/players/d/divacvl01.html
Billy Donovan,https://www.basketball-reference.com/players/d/donovbi01.html
Clyde Drexler,https://www.basketball-reference.com/players/d/drexlcl01.html
Joe Dumars,https://www.basketball-reference.com/players/d/dumarjo01.html
Tim Duncan,https://www.basketball-reference.com/players/d/duncati01.html
Wayne Embry,https://www.basketball-reference.com/players/e/embrywa01.html
Alex English,https://www.basketball-reference.com/players/e/englial01.html
Julius Erving,https://www.basketball-reference.com/players/e/ervinju01.html
Patrick Ewing,https://www.basketball-reference.com/players/e/ewingpa01.html
Walt Frazier,https://www.basketball-reference.com/players/f/fraziwa01.html
Joe Fulks,https://www.basketball-reference.com/players/f/fulksjo01.html
Harry Gallatin,https://www.basketball-reference.com/players/g/gallaha01.html
Kevin Garnett,https://www.basketball-reference.com/players/g/garneke01.html
Pau Gasol,https://www.basketball-reference.com/players/g/gasolpa01.html
George Gervin,https://www.basketball-reference.com/players/g/gervige01.html
Artis Gilmore,https://www.basketball-reference.com/players/g/gilmoar01.html
Manu GinÃ³bili,https://www.basketball-reference.com/players/g/ginobma01.html
Tom Gola,https://www.basketball-reference.com/players/g/golato01.html
Gail Goodrich,https://www.basketball-reference.com/players/g/goodrga01.html
Hal Greer,https://www.basketball-reference.com/players/g/greerha01.html
Richie Guerin,https://www.basketball-reference.com/players/g/gueriri01.html
Cliff Hagan,https://www.basketball-reference.com/players/h/hagancl01.html
Alex Hannum,https://www.basketball-reference.com/players/h/hannual01.html
Tim Hardaway,https://www.basketball-reference.com/players/h/hardati01.html
John Havlicek,https://www.basketball-reference.com/players/h/havlijo01.html
Connie Hawkins,https://www.basketball-reference.com/players/h/hawkico01.html
Elvin Hayes,https://www.basketball-reference.com/players/h/hayesel01.html
Spencer Haywood,https://www.basketball-reference.com/players/h/haywosp01.html
Tom Heinsohn,https://www.basketball-reference.com/players/h/heinsto01.html
Grant Hill,https://www.basketball-reference.com/players/h/hillgr01.html
Red Holzman,https://www.basketball-reference.com/players/h/holzmre01.html
Bob Houbregs,https://www.basketball-reference.com/players/h/houbrbo01.html
Dwight Howard,https://www.basketball-reference.com/players/h/howardw01.html
Bailey Howell,https://www.basketball-reference.com/players/h/howelba01.html
Lou Hudson,https://www.basketball-reference.com/players/h/hudsolo01.html
Dan Issel,https://www.basketball-reference.com/players/i/isselda01.html
Allen Iverson,https://www.basketball-reference.com/players/i/iversal01.html
Phil Jackson,https://www.basketball-reference.com/players/j/jacksph01.html
Buddy Jeannette,https://www.basketball-reference.com/players/j/jeannbu01.html
Dennis Johnson,https://www.basketball-reference.com/players/j/johnsde01.html
Gus Johnson,https://www.basketball-reference.com/players/j/johnsgu01.html
Magic Johnson,https://www.basketball-reference.com/players/j/johnsma02.html
Neil Johnston,https://www.basketball-reference.com/players/j/johnsne01.html
Bobby Jones,https://www.basketball-reference.com/players/j/jonesbo01.html
K.C. Jones,https://www.basketball-reference.com/players/j/joneskc01.html
Sam Jones,https://www.basketball-reference.com/players/j/jonessa01.html
Michael Jordan,https://www.basketball-reference.com/players/j/jordami01.html
